p_val,avg_log2FC,pct.1,pct.2,p_val_adj,cluster,gene
2.820307920839995e-7,0.5866820420938401,0.429,0.135,0.003468414681049026,10,Rian
1.3887725187568735e-6,0.5285339140195392,0.833,0.545,0.01707912443567203,10,Peg3
4.180435535935964e-5,0.6010985565280333,0.786,0.617,0.5141099622094049,10,Ahi1
1.7648027637728406e-7,0.6353615047594305,0.804,0.52,0.0021703544388878395,6,Pla2g7
1.0727786579461304e-6,0.5668994709187914,0.78,0.44,0.013193031935421512,8,Ednrb
2.5321206505256224e-5,0.5363418478562545,0.951,0.791,0.31140019760164106,8,Slc1a3
5.014182243460635e-4,0.5308372868601883,0.536,0.316,1,9,Kidins220
