myAUC,avg_diff,power,avg_log2FC,pct.1,pct.2,cluster,gene
0.73,0.8935080432048002,0.45999999999999996,1.289059622925966,0.727,0.385,4,Lsamp
0.709,0.9212488164661099,0.4179999999999999,1.3290810989404798,0.722,0.423,4,Gpc5
0.251,0.5519348824571271,0.498,0.79627371781453,0.167,0.309,6,Ankzf1
