myAUC,avg_diff,power,avg_log2FC,pct.1,pct.2,cluster,gene
0.733,0.5916766300151262,0.46599999999999997,0.8536089399327169,0.651,0.217,3,Aldh1a1
0.71,0.5425401439251597,0.41999999999999993,0.7827199751240128,0.784,0.503,4,Gpc6
0.701,0.48470794447441573,0.4019999999999999,0.699285747772723,0.593,0.231,4,Agbl4
