myAUC,avg_diff,power,avg_log2FC,pct.1,pct.2,cluster,gene
0.724,0.5139338016067956,0.44799999999999995,0.7414497469233368,0.882,0.658,5,Lars2
0.701,0.4220699378922381,0.4019999999999999,0.6089182063054448,0.984,0.862,6,Cpe
0.719,0.5653894434708764,0.43799999999999994,0.8156845462664046,0.613,0.205,2,Aldh1a1
