myAUC,avg_diff,power,avg_log2FC,pct.1,pct.2,cluster,gene
0.738,0.600809766900029,0.476,0.8667852712243261,0.651,0.206,3,Aldh1a1
0.727,0.5776807864306581,0.45399999999999996,0.8334172058003468,0.805,0.504,4,Gpc6
