myAUC,avg_diff,power,avg_log2FC,pct.1,pct.2,cluster,gene
0.723,0.682002941205426,0.44599999999999995,0.9839222611487556,0.72,0.358,1,Nnat
0.71,0.543433249355385,0.41999999999999993,0.7840084538991896,0.844,0.616,1,Cst3
0.719,0.5653894434708764,0.43799999999999994,0.8156845462664046,0.613,0.205,2,Aldh1a1
